Objekt,X,Y,Razdalja_mm,X3D,Y3D,Z3D,ÄŒas
banana,337,517,1207000,,,,10:52:42.499941
pomaranca,337,515,1206000,,,,10:52:42.500570
limona,473,193,1713000,,,,10:52:53.875335
jabolka,1172,82,6550000,,,,10:53:12.605356
jabolka,385,632,1769000,,,,10:53:14.151109
jabolka,372,593,1050000,,,,10:53:14.197719
jabolka,353,538,1047000,,,,10:53:14.287561
jabolka,358,519,1081000,,,,10:53:14.334012
jabolka,358,568,1066000,,,,10:53:14.381437
jabolka,20,316,5225000,,,,10:53:15.882764
pomaranca,834,275,538000,,,,10:53:16.955665
pomaranca,861,280,544000,,,,10:53:17.001409
pomaranca,847,282,547000,,,,10:53:17.047895
pomaranca,854,286,551000,,,,10:53:17.094645
pomaranca,868,296,565000,,,,10:53:17.140195
banana,544,675,504000,,,,10:53:17.140611
pomaranca,866,293,551000,,,,10:53:17.185807
pomaranca,874,297,557000,,,,10:53:17.230868
pomaranca,878,296,552000,,,,10:53:17.276350
pomaranca,883,297,540000,,,,10:53:17.325866
pomaranca,896,302,549000,,,,10:53:17.371928
pomaranca,902,301,554000,,,,10:53:17.419198
pomaranca,908,300,558000,,,,10:53:17.465554
pomaranca,907,297,557000,,,,10:53:17.511336
pomaranca,915,295,556000,,,,10:53:17.559856
banana,583,676,516000,,,,10:53:17.560252
pomaranca,923,293,559000,,,,10:53:17.605784
pomaranca,926,293,544000,,,,10:53:17.652713
banana,586,677,555500,,,,10:53:17.653197
pomaranca,929,299,581000,,,,10:53:17.698866
banana,590,678,575000,,,,10:53:17.699267
pomaranca,929,297,602000,,,,10:53:17.744655
banana,593,679,633000,,,,10:53:17.745034
pomaranca,646,258,1363000,,,,10:53:18.488757
pomaranca,652,260,1335000,,,,10:53:18.535311
pomaranca,647,256,1283000,,,,10:53:18.581803
pomaranca,641,247,1333000,,,,10:53:18.630289
banana,547,676,629000,,,,10:53:19.362928
pomaranca,667,22,6389000,,,,10:53:20.802384
pomaranca,668,25,6741000,,,,10:53:20.849226
pomaranca,819,306,1316000,,,,10:53:27.254748
pomaranca,814,285,1272000,,,,10:53:27.431126
pomaranca,815,284,1262500,,,,10:53:27.478889
pomaranca,818,283,1290500,,,,10:53:27.567212
pomaranca,818,283,1260000,,,,10:53:27.617473
pomaranca,819,282,1257000,,,,10:53:27.664986
pomaranca,750,592,493000,,,,10:53:27.665353
banana,749,591,528000,,,,10:53:27.665645
pomaranca,781,572,491000,,,,10:53:27.713148
pomaranca,819,282,1275000,,,,10:53:27.713520
pomaranca,820,280,1266000,,,,10:53:27.758664
pomaranca,828,276,1275000,,,,10:53:27.804361
pomaranca,857,275,1287000,,,,10:53:27.853616
pomaranca,96,323,6866500,,,,10:53:30.438650
pomaranca,186,296,2565000,,,,10:53:31.474776
pomaranca,185,614,3661000,,,,10:53:31.805043
pomaranca,252,613,2169000,,,,10:53:31.853100
pomaranca,471,651,3450000,,,,10:53:33.588039
banana,1006,388,559000,,,,10:53:40.809920
banana,700,679,578000,,,,10:53:42.232983
banana,703,680,1624000,,,,10:53:42.282505
banana,715,681,4272000,,,,10:53:42.759874
banana,716,682,1165000,,,,10:53:42.849912
banana,720,676,991500,,,,10:53:43.369249
banana,723,676,1109000,,,,10:53:43.542954
banana,729,672,2795000,,,,10:53:43.974923
banana,729,675,6145000,,,,10:53:44.020447
banana,734,676,1322000,,,,10:53:44.156798
banana,736,670,584500,,,,10:53:44.373412
banana,737,672,4120000,,,,10:53:44.420922
banana,722,677,565500,,,,10:53:46.054627
banana,724,676,838500,,,,10:53:46.188103
banana,723,675,583000,,,,10:53:46.236059
banana,728,678,5974000,,,,10:53:46.491425
banana,728,679,1033000,,,,10:53:46.580127
banana,728,679,1117000,,,,10:53:46.753680
banana,733,676,518000,,,,10:53:46.797553
banana,728,678,542000,,,,10:53:46.846346
pomaranca,821,276,1262000,,,,10:53:47.617307
pomaranca,821,274,1272500,,,,10:53:47.663423
banana,960,387,1012000,,,,10:53:49.586736
banana,971,381,6792000,,,,10:53:50.195311
banana,952,387,490000,,,,10:53:52.594140
banana,500,647,490000,,,,10:53:57.194215
banana,487,643,490000,,,,10:53:57.259527
banana,482,644,493500,,,,10:53:57.377579
banana,483,642,490500,,,,10:53:57.516466
banana,487,643,493000,,,,10:53:57.561235
banana,487,643,491500,,,,10:53:57.614081
banana,488,644,490000,,,,10:53:57.664660
banana,490,642,490000,,,,10:53:57.810385
banana,488,644,491000,,,,10:53:57.949744
banana,488,645,490000,,,,10:53:58.740324
banana,489,644,492000,,,,10:53:58.807316
banana,494,646,490000,,,,10:53:58.959506
jabolka,671,279,2341000,,,,10:53:59.184757
banana,486,647,501000,,,,10:53:59.431241
banana,484,648,492000,,,,10:53:59.484799
banana,484,647,498000,,,,10:53:59.538151
banana,482,645,498500,,,,10:53:59.586755
banana,479,646,496000,,,,10:53:59.676056
banana,477,645,491000,,,,10:53:59.864172
banana,478,645,492000,,,,10:53:59.915779
banana,479,645,494500,,,,10:54:00.021405
banana,479,645,582000,,,,10:54:00.076279
banana,479,646,490000,,,,10:54:00.176929
banana,479,646,502000,,,,10:54:00.323900
banana,480,646,516000,,,,10:54:00.378321
jabolka,662,233,4376000,,,,10:54:01.451742
jabolka,663,233,4447500,,,,10:54:01.564837
jabolka,662,236,8262000,,,,10:54:01.702104
jabolka,661,234,6113000,,,,10:54:01.752433
jabolka,660,233,5209000,,,,10:54:01.802929
banana,417,562,631000,,,,10:54:02.815225
banana,404,544,546000,,,,10:54:02.969419
banana,404,542,556500,,,,10:54:03.016212
banana,405,543,540500,,,,10:54:03.064050
banana,404,544,558000,,,,10:54:03.110381
banana,405,541,559000,,,,10:54:03.156279
banana,406,541,566500,,,,10:54:03.205972
banana,406,540,541000,,,,10:54:03.253490
banana,411,536,549500,,,,10:54:03.477478
banana,412,541,559000,,,,10:54:03.571652
banana,411,543,567000,,,,10:54:03.618363
banana,412,544,547000,,,,10:54:03.667908
banana,410,542,567000,,,,10:54:03.716150
banana,706,659,4148000,,,,10:54:04.956394
banana,708,655,612000,,,,10:54:05.021104
banana,718,654,592000,,,,10:54:05.130970
banana,721,654,679000,,,,10:54:05.224242
banana,724,653,565000,,,,10:54:05.273149
banana,723,654,574000,,,,10:54:05.320646
banana,725,654,588000,,,,10:54:05.370441
banana,725,659,575000,,,,10:54:05.417335
banana,725,660,600000,,,,10:54:05.467187
banana,726,661,600500,,,,10:54:05.514795
banana,718,665,607000,,,,10:54:06.251447
banana,719,663,618000,,,,10:54:06.315385
banana,718,666,578000,,,,10:54:06.366683
banana,715,668,583000,,,,10:54:06.414843
banana,713,667,579000,,,,10:54:06.461120
banana,714,665,587000,,,,10:54:06.507759
banana,712,667,584000,,,,10:54:06.553450
banana,711,667,598000,,,,10:54:06.602424
banana,710,668,627000,,,,10:54:06.649685
banana,710,668,619000,,,,10:54:06.700782
banana,707,668,595000,,,,10:54:06.748845
banana,708,668,614000,,,,10:54:06.799496
banana,708,668,660000,,,,10:54:06.849150
banana,708,668,599000,,,,10:54:06.899833
banana,710,668,600000,,,,10:54:06.991998
banana,712,668,629500,,,,10:54:07.040294
banana,712,670,592000,,,,10:54:07.086731
banana,714,669,595500,,,,10:54:07.134303
banana,714,670,624000,,,,10:54:07.179789
banana,713,670,648000,,,,10:54:07.226152
banana,704,675,622000,,,,10:54:08.012447
banana,705,671,590500,,,,10:54:08.070785
banana,701,672,584000,,,,10:54:08.153919
banana,703,674,583000,,,,10:54:08.203030
jabolka,636,229,3842000,,,,10:54:08.203407
banana,702,673,579000,,,,10:54:08.249572
banana,701,674,565000,,,,10:54:08.299838
banana,699,675,586000,,,,10:54:08.349135
banana,700,675,582000,,,,10:54:08.399164
banana,699,673,601500,,,,10:54:08.447366
banana,698,671,573000,,,,10:54:08.496170
banana,699,672,572000,,,,10:54:08.546250
banana,698,674,593000,,,,10:54:08.593868
banana,697,677,623500,,,,10:54:08.641659
banana,697,672,598000,,,,10:54:08.688907
banana,696,673,578000,,,,10:54:08.738415
banana,695,675,595000,,,,10:54:08.785153
banana,695,677,611000,,,,10:54:08.833524
banana,696,678,606000,,,,10:54:08.881620
banana,722,689,3184000,,,,10:54:10.298163
pomaranca,964,244,491000,,,,10:54:11.425630
banana,730,689,538000,,,,10:54:12.285921
banana,729,689,532000,,,,10:54:12.349926
banana,728,689,594000,,,,10:54:12.401802
banana,753,672,1864000,,,,10:54:13.248835
banana,756,672,660000,,,,10:54:13.309340
banana,754,672,679000,,,,10:54:13.406974
banana,757,673,585000,,,,10:54:13.541388
banana,760,672,842500,,,,10:54:13.634290
banana,758,673,635000,,,,10:54:13.682638
banana,759,673,620000,,,,10:54:13.732102
banana,761,673,685500,,,,10:54:13.779468
banana,760,673,637000,,,,10:54:13.827166
pomaranca,793,162,1180000,,,,10:54:13.828622
banana,760,672,612000,,,,10:54:13.875215
banana,762,670,636000,,,,10:54:13.922496
banana,761,669,651000,,,,10:54:13.969720
banana,763,670,619000,,,,10:54:14.015057
banana,765,670,608000,,,,10:54:14.064024
banana,765,670,649500,,,,10:54:14.111519
banana,753,674,676000,,,,10:54:14.944975
banana,748,678,625000,,,,10:54:15.004016
banana,739,676,640000,,,,10:54:15.053228
banana,740,676,647000,,,,10:54:15.101648
banana,737,675,676000,,,,10:54:15.149141
banana,737,675,662000,,,,10:54:15.199152
banana,735,675,687000,,,,10:54:15.244367
banana,737,676,856000,,,,10:54:15.293055
banana,738,676,3066000,,,,10:54:15.342241
banana,738,676,679000,,,,10:54:15.391055
banana,739,672,1120000,,,,10:54:15.522343
banana,738,672,708000,,,,10:54:15.569509
banana,738,672,662000,,,,10:54:15.618055
banana,738,673,663000,,,,10:54:15.667590
banana,741,677,697000,,,,10:54:15.761581
banana,736,680,698000,,,,10:54:16.663920
banana,736,680,644500,,,,10:54:16.722361
banana,740,680,656000,,,,10:54:16.771403
banana,739,679,624000,,,,10:54:16.820014
banana,734,681,798000,,,,10:54:16.868815
banana,730,677,587000,,,,10:54:16.917527
banana,729,674,624000,,,,10:54:16.965886
banana,725,671,603000,,,,10:54:17.014498
banana,725,670,624000,,,,10:54:17.064239
banana,726,668,642000,,,,10:54:17.111431
banana,726,666,659000,,,,10:54:17.161816
banana,730,666,700500,,,,10:54:17.209009
banana,730,667,617000,,,,10:54:17.259299
banana,734,668,615000,,,,10:54:17.306790
banana,737,668,645000,,,,10:54:17.354045
banana,739,669,610000,,,,10:54:17.402430
banana,1129,372,496000,,,,10:54:17.402766
banana,736,668,625500,,,,10:54:17.448602
banana,737,667,647000,,,,10:54:17.498395
banana,739,667,691000,,,,10:54:17.545485
banana,752,660,697000,,,,10:54:18.329909
banana,752,658,641000,,,,10:54:18.388743
banana,755,660,631000,,,,10:54:18.435281
banana,755,660,603000,,,,10:54:18.484449
banana,755,660,1094000,,,,10:54:18.532546
banana,757,659,676000,,,,10:54:18.579656
banana,757,657,678000,,,,10:54:18.674654
banana,757,656,637000,,,,10:54:18.721402
banana,753,649,1462000,,,,10:54:18.901869
banana,751,648,653000,,,,10:54:18.995703
banana,751,646,642500,,,,10:54:19.043797
banana,750,645,631000,,,,10:54:19.094180
banana,751,645,635000,,,,10:54:19.149284
banana,750,643,693000,,,,10:54:19.201074
banana,750,641,670000,,,,10:54:19.249031
banana,754,634,595000,,,,10:54:19.982874
banana,755,634,579000,,,,10:54:20.054578
banana,754,634,575000,,,,10:54:20.115583
banana,759,634,564000,,,,10:54:20.180069
banana,758,636,568500,,,,10:54:20.240355
banana,761,637,555000,,,,10:54:20.305685
banana,762,638,640000,,,,10:54:20.368526
banana,761,640,603000,,,,10:54:20.473748
banana,763,641,4064000,,,,10:54:20.519481
banana,761,641,581000,,,,10:54:20.564151
banana,763,641,1195000,,,,10:54:20.696395
banana,767,638,605000,,,,10:54:20.742274
banana,770,637,648500,,,,10:54:20.791974
banana,772,635,592000,,,,10:54:20.840418
banana,779,625,705000,,,,10:54:20.973133
banana,777,613,707000,,,,10:54:21.726687
banana,778,614,663000,,,,10:54:21.773836
banana,777,614,612000,,,,10:54:21.825077
banana,779,614,622000,,,,10:54:21.873417
banana,776,615,607000,,,,10:54:21.922219
banana,777,616,671000,,,,10:54:21.968464
banana,777,617,763000,,,,10:54:22.015675
banana,777,617,819000,,,,10:54:22.062942
banana,775,621,841000,,,,10:54:22.153661
banana,778,627,602000,,,,10:54:22.332317
banana,775,629,601000,,,,10:54:22.425060
banana,773,631,711000,,,,10:54:22.470657
banana,773,631,653000,,,,10:54:22.520136
banana,770,632,601500,,,,10:54:22.568336
banana,768,632,628000,,,,10:54:22.617397
banana,767,634,644000,,,,10:54:22.664409
banana,767,634,661000,,,,10:54:22.709935
banana,763,639,624000,,,,10:54:23.470075
banana,762,639,625000,,,,10:54:23.517259
banana,759,639,599000,,,,10:54:23.565725
banana,757,636,598000,,,,10:54:23.613767
banana,757,635,577500,,,,10:54:23.665357
banana,755,633,567000,,,,10:54:23.712105
banana,755,632,595000,,,,10:54:23.762243
banana,751,630,572000,,,,10:54:23.808493
banana,750,631,534000,,,,10:54:23.858765
banana,750,629,584000,,,,10:54:23.906356
banana,751,627,546000,,,,10:54:23.954921
banana,753,627,561000,,,,10:54:24.001343
banana,754,628,504000,,,,10:54:24.049924
banana,757,629,525000,,,,10:54:24.099586
banana,761,628,625000,,,,10:54:24.145429
banana,762,628,524000,,,,10:54:24.193985
banana,763,629,565000,,,,10:54:24.327867
banana,763,630,583000,,,,10:54:24.374452
banana,763,631,589000,,,,10:54:24.423781
banana,767,641,681000,,,,10:54:25.261422
banana,766,642,678000,,,,10:54:25.308353
banana,762,645,756000,,,,10:54:25.356870
banana,765,649,675500,,,,10:54:25.402663
banana,738,657,3869000,,,,10:54:25.582812
pomaranca,767,179,1274000,,,,10:54:25.583174
pomaranca,768,179,1211000,,,,10:54:25.631133
pomaranca,768,179,1187000,,,,10:54:25.723667
banana,722,656,689000,,,,10:54:25.768580
pomaranca,770,179,1515000,,,,10:54:25.768945
jabolka,633,253,3315000,,,,10:54:25.769222
jabolka,636,250,5537000,,,,10:54:25.816694
banana,720,657,1126000,,,,10:54:25.865024
banana,721,656,610000,,,,10:54:25.957039
pomaranca,770,177,1174000,,,,10:54:25.957394
banana,722,655,634500,,,,10:54:26.003796
pomaranca,770,177,1186000,,,,10:54:26.004139
banana,725,655,662000,,,,10:54:26.049616
pomaranca,772,176,1199000,,,,10:54:26.049947
banana,730,655,610500,,,,10:54:26.096093
pomaranca,770,176,1185000,,,,10:54:26.096465
banana,736,655,669000,,,,10:54:26.142935
pomaranca,770,177,1202000,,,,10:54:26.143281
banana,741,654,675000,,,,10:54:26.193394
pomaranca,773,177,1208000,,,,10:54:26.193799
banana,728,657,615000,,,,10:54:26.943718
banana,728,655,567000,,,,10:54:26.992202
banana,728,655,582000,,,,10:54:27.038488
banana,729,657,580000,,,,10:54:27.085362
banana,733,657,581000,,,,10:54:27.130306
banana,735,658,638000,,,,10:54:27.177682
banana,740,658,592000,,,,10:54:27.226893
banana,747,661,592000,,,,10:54:27.273394
banana,749,662,619000,,,,10:54:27.323910
banana,754,664,1239500,,,,10:54:27.371416
banana,755,664,628000,,,,10:54:27.422700
banana,762,666,607000,,,,10:54:27.565209
banana,766,666,633000,,,,10:54:27.657669
banana,769,667,626500,,,,10:54:27.748359
banana,769,667,930000,,,,10:54:27.795455
banana,766,667,648000,,,,10:54:27.886075
banana,758,667,607500,,,,10:54:28.723550
banana,755,667,643000,,,,10:54:28.772068
banana,753,668,3671000,,,,10:54:28.823859
banana,744,667,1008000,,,,10:54:28.915090
banana,737,666,1123000,,,,10:54:29.005288
banana,738,666,3891000,,,,10:54:29.098291
banana,739,666,3405000,,,,10:54:29.146253
banana,740,666,1633000,,,,10:54:29.194392
banana,742,667,5518000,,,,10:54:29.241482
banana,744,667,1348000,,,,10:54:29.334865
banana,744,667,690000,,,,10:54:29.431012
banana,745,667,496000,,,,10:54:29.566868
banana,748,666,603000,,,,10:54:30.415193
banana,750,667,640500,,,,10:54:30.465430
banana,750,667,600000,,,,10:54:30.517274
banana,749,668,666000,,,,10:54:30.563961
banana,747,668,1051000,,,,10:54:30.612508
banana,747,668,1506000,,,,10:54:30.659184
banana,747,667,644500,,,,10:54:30.704409
banana,746,667,603000,,,,10:54:30.754756
banana,747,668,604000,,,,10:54:30.801877
banana,747,668,630000,,,,10:54:30.849974
banana,747,668,736000,,,,10:54:30.938618
banana,743,668,590000,,,,10:54:31.074133
banana,743,667,638000,,,,10:54:31.122629
banana,739,667,581500,,,,10:54:31.213834
banana,758,667,1172000,,,,10:54:33.799905
banana,750,666,817000,,,,10:54:33.890872
banana,750,667,8465000,,,,10:54:34.197882
banana,753,666,1237000,,,,10:54:34.423567
banana,753,665,1181000,,,,10:54:34.510686
banana,751,665,598000,,,,10:54:34.602874
banana,758,666,796000,,,,10:54:35.453676
banana,759,666,653000,,,,10:54:35.501051
banana,758,665,651000,,,,10:54:35.637642
banana,757,665,632000,,,,10:54:35.686678
banana,758,665,805000,,,,10:54:35.734806
banana,758,665,637000,,,,10:54:35.873531
banana,756,664,624000,,,,10:54:36.174178
banana,757,664,789500,,,,10:54:36.223821
banana,757,664,660500,,,,10:54:36.273009
banana,757,663,644000,,,,10:54:36.320657
banana,759,664,629000,,,,10:54:36.366113
banana,759,665,648000,,,,10:54:36.412064
jabolka,381,101,4047500,,,,10:54:37.707892
jabolka,434,107,4646000,,,,10:54:37.973778
jabolka,482,120,2319000,,,,10:54:39.296465
jabolka,482,120,7814000,,,,10:54:39.389595
pomaranca,715,108,7755000,,,,10:54:46.198205
pomaranca,746,90,2732500,,,,10:54:46.472081
jabolka,610,322,2315000,,,,10:54:46.564029
pomaranca,729,87,3897500,,,,10:54:46.703266
pomaranca,683,93,6792000,,,,10:54:48.122369
pomaranca,682,94,7092000,,,,10:54:48.169924
pomaranca,712,95,6579000,,,,10:54:48.305511
pomaranca,756,249,1158000,,,,10:54:50.125474
pomaranca,755,250,1194000,,,,10:54:50.174263
pomaranca,757,251,1707000,,,,10:54:50.265360
pomaranca,756,249,1192000,,,,10:54:50.315188
pomaranca,756,249,1155000,,,,10:54:50.361224
pomaranca,755,251,1171500,,,,10:54:50.412410
pomaranca,755,249,1194500,,,,10:54:50.459741
pomaranca,755,250,1233000,,,,10:54:50.509122
jabolka,133,187,552000,,,,10:54:51.121688
pomaranca,539,133,2582000,,,,10:54:53.336244
pomaranca,536,134,5532000,,,,10:54:53.382718
pomaranca,535,133,4201000,,,,10:54:53.477113
pomaranca,528,182,3845000,,,,10:54:53.524022
pomaranca,532,176,1330000,,,,10:54:53.831879
pomaranca,534,175,1258000,,,,10:54:53.922537
pomaranca,531,173,1491000,,,,10:54:53.969700
pomaranca,535,171,1312000,,,,10:54:54.928821
pomaranca,536,173,1230000,,,,10:54:55.022913
pomaranca,534,171,1220000,,,,10:54:55.074255
pomaranca,532,171,1218000,,,,10:54:55.121863
pomaranca,531,171,1213500,,,,10:54:55.168927
pomaranca,536,173,1202000,,,,10:54:55.352240
pomaranca,535,171,1281000,,,,10:54:55.397941
pomaranca,531,167,2403000,,,,10:54:55.622029
pomaranca,531,170,1234000,,,,10:54:55.753119
pomaranca,535,170,1172000,,,,10:54:55.842719
pomaranca,534,172,1160000,,,,10:54:55.890706
pomaranca,538,172,1214500,,,,10:54:55.940497
pomaranca,544,174,1255000,,,,10:54:56.818156
pomaranca,543,174,1197000,,,,10:54:56.864174
pomaranca,542,171,1226000,,,,10:54:56.914148
pomaranca,535,170,1224000,,,,10:54:57.008314
pomaranca,535,172,1713000,,,,10:54:57.055064
jabolka,334,170,5665000,,,,10:54:57.104897
pomaranca,535,171,1219000,,,,10:54:57.153325
pomaranca,539,170,1238500,,,,10:54:57.331989
pomaranca,538,170,3195000,,,,10:54:57.422978
pomaranca,540,170,1343000,,,,10:54:57.517114
pomaranca,536,173,5428000,,,,10:54:57.608634
pomaranca,534,175,1226000,,,,10:54:57.654213
pomaranca,534,173,1260000,,,,10:54:57.699691
pomaranca,535,171,1233500,,,,10:54:57.748690
pomaranca,535,172,1198000,,,,10:54:57.841507
pomaranca,538,173,1270000,,,,10:54:58.715673
pomaranca,536,169,1236500,,,,10:54:58.805436
pomaranca,540,172,1233000,,,,10:54:58.851537
banana,790,653,497000,,,,10:54:58.851851
banana,780,651,548000,,,,10:54:58.897619
pomaranca,544,175,1200000,,,,10:54:58.897973
pomaranca,544,176,1203000,,,,10:54:58.943399
jabolka,341,174,1492000,,,,10:54:58.943748
pomaranca,541,176,1211000,,,,10:54:59.030840
banana,714,638,614000,,,,10:54:59.122548
banana,717,643,588000,,,,10:54:59.212544
pomaranca,536,175,6128000,,,,10:54:59.212919
banana,726,613,555000,,,,10:54:59.213207
banana,717,642,639000,,,,10:54:59.256308
banana,712,641,594000,,,,10:54:59.302942
pomaranca,539,173,1888500,,,,10:54:59.303551
banana,700,648,594000,,,,10:54:59.350120
banana,697,657,698000,,,,10:54:59.395592
pomaranca,540,174,1191000,,,,10:54:59.442693
banana,691,666,546000,,,,10:54:59.442982
pomaranca,539,175,1318000,,,,10:54:59.488449
banana,691,676,1030000,,,,10:54:59.488767
banana,701,677,584000,,,,10:54:59.538317
pomaranca,538,173,1175000,,,,10:54:59.585231
pomaranca,546,175,1214000,,,,10:55:00.725360
pomaranca,545,173,1219000,,,,10:55:00.818461
pomaranca,546,171,1188000,,,,10:55:00.864029
pomaranca,544,172,1259000,,,,10:55:00.958158
pomaranca,547,175,1321000,,,,10:55:01.071632
pomaranca,547,175,1228000,,,,10:55:01.204476
jabolka,344,170,6732000,,,,10:55:01.251030
pomaranca,542,171,1238000,,,,10:55:01.341523
pomaranca,544,173,1180000,,,,10:55:01.433137
pomaranca,546,174,1245000,,,,10:55:01.497886
pomaranca,548,175,1222000,,,,10:55:01.561005
pomaranca,542,172,1290000,,,,10:55:02.318454
pomaranca,542,172,1248000,,,,10:55:02.366875
pomaranca,539,174,1219000,,,,10:55:02.415264
pomaranca,538,173,1416000,,,,10:55:02.462041
pomaranca,538,174,1238000,,,,10:55:02.509477
pomaranca,984,436,513500,,,,10:55:02.509854
pomaranca,538,174,1203000,,,,10:55:02.556633
jabolka,218,198,5677000,,,,10:55:03.572755
jabolka,90,147,1361500,,,,10:55:04.275491
jabolka,155,196,5430000,,,,10:55:04.409413
jabolka,199,213,4415000,,,,10:55:04.640771
pomaranca,138,166,5788000,,,,10:55:06.185516
jabolka,34,110,5028000,,,,10:55:08.661915
pomaranca,956,77,496000,,,,10:55:14.442803
pomaranca,859,259,681000,,,,10:55:14.443163
pomaranca,849,217,676000,,,,10:55:14.492680
pomaranca,868,98,495000,,,,10:55:14.539643
pomaranca,853,85,492000,,,,10:55:14.586374
pomaranca,837,117,515000,,,,10:55:14.586656
pomaranca,820,266,683000,,,,10:55:14.586981
pomaranca,826,118,505000,,,,10:55:14.636092
pomaranca,843,90,497000,,,,10:55:14.636373
pomaranca,815,167,773000,,,,10:55:14.636612
pomaranca,796,96,509000,,,,10:55:14.684752
pomaranca,789,95,522000,,,,10:55:14.732070
pomaranca,791,277,702000,,,,10:55:14.732419
pomaranca,788,95,509000,,,,10:55:14.779376
pomaranca,779,96,530000,,,,10:55:14.825954
pomaranca,772,97,536000,,,,10:55:14.870832
jabolka,352,109,776000,,,,10:55:14.871176
pomaranca,769,96,534000,,,,10:55:14.919001
jabolka,352,106,814000,,,,10:55:14.919452
pomaranca,766,96,530000,,,,10:55:14.966275
jabolka,351,116,836000,,,,10:55:14.966790
pomaranca,763,94,515000,,,,10:55:15.014725
pomaranca,762,94,517000,,,,10:55:15.067464
pomaranca,761,93,510000,,,,10:55:15.114923
pomaranca,381,145,7107000,,,,10:55:15.115284
pomaranca,760,93,508000,,,,10:55:15.166001
pomaranca,759,92,492000,,,,10:55:15.214606
pomaranca,483,152,1170000,,,,10:55:15.214969
pomaranca,761,91,505500,,,,10:55:15.264296
pomaranca,769,91,497000,,,,10:55:15.309775
pomaranca,782,90,501000,,,,10:55:15.401823
pomaranca,523,171,1165000,,,,10:55:15.402228
pomaranca,797,89,510000,,,,10:55:15.450775
pomaranca,549,157,1186000,,,,10:55:16.251774
pomaranca,549,158,1135000,,,,10:55:16.302951
pomaranca,550,162,1140000,,,,10:55:16.350257
pomaranca,553,162,1183000,,,,10:55:16.399449
pomaranca,556,165,5125000,,,,10:55:16.445553
banana,445,175,1127000,,,,10:55:16.884149
banana,488,177,1526500,,,,10:55:16.932557
pomaranca,481,177,1107000,,,,10:55:16.932988
banana,484,184,1104500,,,,10:55:16.981394
banana,482,184,1151000,,,,10:55:17.031077
banana,466,186,1138000,,,,10:55:17.123795
banana,472,176,1108000,,,,10:55:17.257172
banana,412,154,1067500,,,,10:55:18.317645
banana,389,163,1029000,,,,10:55:18.368042
banana,395,165,1049000,,,,10:55:18.416239
banana,395,164,1058500,,,,10:55:18.465035
banana,393,162,1043000,,,,10:55:18.512991
banana,351,675,5055000,,,,10:55:18.513441
grozdje,158,495,1054500,,,,10:55:18.785387
banana,495,381,1047000,,,,10:55:20.219306
banana,508,401,993000,,,,10:55:20.268183
banana,528,401,1065000,,,,10:55:20.314615
banana,530,430,1019000,,,,10:55:20.364698
banana,380,676,5382000,,,,10:55:20.410684
banana,553,394,7239000,,,,10:55:20.500223
banana,555,393,1016000,,,,10:55:20.594973
banana,552,390,1068000,,,,10:55:20.641467
banana,548,381,5224000,,,,10:55:20.689906
banana,387,678,5561000,,,,10:55:20.690264
banana,542,382,1047000,,,,10:55:20.739014
banana,541,380,4720500,,,,10:55:20.785437
banana,539,350,1193000,,,,10:55:20.832276
pomaranca,197,38,5265000,,,,10:55:20.877881
banana,531,362,1241000,,,,10:55:20.965560
banana,530,363,1047000,,,,10:55:21.011011
banana,532,369,995000,,,,10:55:21.055754
banana,531,369,975000,,,,10:55:21.101585
banana,531,303,1051000,,,,10:55:21.101991
banana,530,371,1041000,,,,10:55:21.149889
banana,529,380,1005500,,,,10:55:21.199071
banana,363,196,968000,,,,10:55:22.265536
banana,361,198,1016000,,,,10:55:22.310703
banana,356,199,1003000,,,,10:55:22.360189
banana,342,191,969000,,,,10:55:22.705177
banana,356,186,982000,,,,10:55:22.838276
banana,363,184,975000,,,,10:55:22.887549
pomaranca,487,114,1134000,,,,10:55:23.840047
pomaranca,550,115,1094000,,,,10:55:23.840417
pomaranca,427,54,894000,,,,10:55:24.056635
jabolka,98,186,5906000,,,,10:55:27.903903
jabolka,34,203,2900000,,,,10:55:28.159928
pomaranca,1041,478,533000,,,,10:55:30.826351
pomaranca,1049,493,522000,,,,10:55:30.874442
pomaranca,1050,449,504500,,,,10:55:30.874800
banana,1085,478,492500,,,,10:55:31.228737
banana,1096,469,493000,,,,10:55:31.452165
banana,1111,490,507000,,,,10:55:34.175436
banana,1110,486,499000,,,,10:55:34.223490
banana,1084,480,526000,,,,10:55:34.791247
banana,1100,480,494000,,,,10:55:35.054536
banana,1111,481,512000,,,,10:55:35.101364
banana,1114,494,528000,,,,10:55:35.848796
banana,1149,495,519000,,,,10:55:35.849241
banana,1125,496,498000,,,,10:55:35.896467
banana,1157,496,493000,,,,10:55:35.896878
banana,1140,505,506000,,,,10:55:40.986026
banana,1139,509,493000,,,,10:55:41.033400
banana,1141,511,491000,,,,10:55:41.082704
banana,1136,532,513000,,,,10:55:41.831883
pomaranca,967,284,491000,,,,10:56:01.202253
banana,969,655,495000,,,,10:56:01.720018
pomaranca,946,322,491000,,,,10:56:01.940817
pomaranca,943,320,524000,,,,10:56:02.032028
banana,988,669,537000,,,,10:56:02.079998
pomaranca,959,363,509000,,,,10:56:03.761768
pomaranca,995,403,557000,,,,10:56:07.872365
banana,573,532,654500,,,,10:56:13.423954
banana,573,534,614000,,,,10:56:13.472750
banana,573,534,627000,,,,10:56:13.787708
banana,573,530,656000,,,,10:56:13.925367
banana,574,531,698000,,,,10:56:13.974702
banana,634,679,586500,,,,10:56:15.079661
pomaranca,852,207,490000,,,,10:56:15.259019
pomaranca,799,203,503000,,,,10:56:15.305915
pomaranca,784,201,508000,,,,10:56:15.352238
pomaranca,771,204,519000,,,,10:56:15.401729
pomaranca,753,222,515000,,,,10:56:15.450398
pomaranca,748,232,532000,,,,10:56:15.503106
pomaranca,700,230,536000,,,,10:56:15.548005
pomaranca,693,240,581000,,,,10:56:15.594061
pomaranca,673,257,591000,,,,10:56:15.637236
pomaranca,659,261,684500,,,,10:56:15.683168
pomaranca,503,320,600000,,,,10:56:16.415183
pomaranca,502,311,557000,,,,10:56:16.462356
pomaranca,495,303,546000,,,,10:56:16.510778
pomaranca,498,301,542000,,,,10:56:16.557412
pomaranca,494,292,539000,,,,10:56:16.605079
pomaranca,493,289,528000,,,,10:56:16.652350
pomaranca,469,284,524000,,,,10:56:16.700781
pomaranca,452,290,523000,,,,10:56:16.750252
pomaranca,432,290,526000,,,,10:56:16.800380
pomaranca,386,292,508000,,,,10:56:16.848973
pomaranca,370,293,502000,,,,10:56:16.898393
pomaranca,349,312,513000,,,,10:56:16.944433
jabolka,1143,406,1892000,,,,10:56:16.944778
pomaranca,344,316,498000,,,,10:56:16.990745
pomaranca,339,322,512000,,,,10:56:17.038300
pomaranca,300,320,495000,,,,10:56:17.086781
jabolka,1143,407,2490000,,,,10:56:17.087106
pomaranca,293,322,491000,,,,10:56:17.137526
jabolka,1143,406,1291000,,,,10:56:17.137849
jabolka,1146,408,6909000,,,,10:56:17.184333
pomaranca,281,350,490000,,,,10:56:17.280134
pomaranca,280,349,511000,,,,10:56:17.331321
pomaranca,276,357,513000,,,,10:56:17.378244
jabolka,1141,405,4575000,,,,10:56:18.347176
jabolka,1141,405,1418000,,,,10:56:18.394881
banana,225,511,595000,,,,10:56:18.842137
grozdje,177,425,514000,,,,10:56:20.468990
grozdje,166,423,502000,,,,10:56:20.516772
jabolka,325,232,3194500,,,,10:56:22.289175
grozdje,1110,516,3512000,,,,10:56:33.928863
banana,154,512,496000,,,,10:56:35.992911
banana,153,504,491000,,,,10:56:36.049925
banana,127,481,491000,,,,10:56:40.030748
banana,127,479,490000,,,,10:56:40.087270
banana,128,490,490500,,,,10:56:40.143255
banana,128,481,491500,,,,10:56:40.198729
banana,145,485,501000,,,,10:56:40.199061
banana,129,479,553000,,,,10:56:40.254388
banana,129,471,490000,,,,10:56:40.362005
banana,129,471,490000,,,,10:56:40.415574
banana,129,470,499000,,,,10:56:40.467114
banana,128,471,511000,,,,10:56:40.517115
banana,162,473,508000,,,,10:56:41.302758
banana,163,474,521000,,,,10:56:41.359714
banana,164,488,491000,,,,10:56:41.457712
banana,156,497,491000,,,,10:56:41.605821
banana,173,486,492500,,,,10:56:41.606240
banana,153,508,493000,,,,10:56:43.545948
banana,129,497,494000,,,,10:56:43.797052
banana,155,506,491000,,,,10:56:43.901335
banana,162,502,491000,,,,10:56:44.055906
banana,160,507,537000,,,,10:56:44.196820
banana,159,504,528000,,,,10:56:44.989619
banana,154,508,503000,,,,10:56:45.039104
banana,158,501,491000,,,,10:56:45.091098
banana,152,509,492000,,,,10:56:45.141342
banana,158,502,496000,,,,10:56:45.290329
banana,160,504,499000,,,,10:56:45.340408
banana,160,508,498000,,,,10:56:45.393647
banana,118,465,554500,,,,10:56:50.368621
banana,119,465,509000,,,,10:56:50.419723
banana,115,477,491000,,,,10:56:50.881656
banana,118,467,491000,,,,10:56:51.298630
banana,117,470,495000,,,,10:56:51.398860
banana,116,480,502000,,,,10:56:51.454698
banana,119,466,513000,,,,10:56:52.236477
banana,119,463,496000,,,,10:56:52.287247
banana,119,469,494000,,,,10:56:52.781952
banana,120,469,586000,,,,10:56:53.008779
banana,121,469,491000,,,,10:56:53.189340
banana,123,468,495000,,,,10:56:53.234344
banana,123,465,491000,,,,10:56:53.285052
banana,127,466,502000,,,,10:56:54.051618
pomaranca,82,58,5780000,,,,10:56:57.434977
pomaranca,77,100,3076000,,,,10:56:58.298456
pomaranca,86,114,2291000,,,,10:56:58.435428
pomaranca,87,127,1270000,,,,10:56:58.486015
pomaranca,222,155,1600000,,,,10:56:58.818626
pomaranca,384,121,4514000,,,,10:56:59.927559
banana,370,206,2149000,,,,10:57:00.473662
pomaranca,391,212,2279000,,,,10:57:00.538975
pomaranca,652,253,511000,,,,10:57:03.268964
banana,150,436,491000,,,,10:57:09.789946
banana,106,470,494000,,,,10:57:13.198659
banana,115,482,492000,,,,10:57:29.688319
banana,115,479,495000,,,,10:57:29.738175
banana,115,481,499000,,,,10:57:29.787942
banana,115,482,504000,,,,10:57:29.937468
banana,116,480,500000,,,,10:57:30.080861
banana,100,468,497000,,,,10:57:34.481061
banana,100,476,492000,,,,10:57:34.532524
banana,102,505,2587000,,,,10:57:39.927308
banana,107,479,620000,,,,10:57:48.826032
banana,103,480,498000,,,,10:57:49.182374
banana,113,482,493000,,,,10:57:54.582955
banana,121,492,499000,,,,10:58:10.751541
banana,122,490,494000,,,,10:58:12.910774
banana,120,492,733000,,,,10:58:13.155815
banana,118,489,490000,,,,10:58:13.209625
banana,115,486,499000,,,,10:58:14.978032
banana,116,485,490000,,,,10:58:24.720126
banana,120,487,501000,,,,10:58:25.464422
banana,118,491,493000,,,,10:58:27.925284
banana,118,492,516000,,,,10:58:28.337825
banana,119,491,490000,,,,10:58:28.676191
banana,118,489,506000,,,,10:58:28.824074
banana,122,492,493000,,,,10:58:31.178339
banana,123,498,502500,,,,10:58:31.229684
banana,80,472,511000,,,,10:58:31.965348
banana,81,478,505000,,,,10:58:32.019703
banana,83,473,496000,,,,10:58:32.074590
banana,85,472,504000,,,,10:58:32.142851
banana,99,456,490000,,,,10:58:32.357630
banana,88,495,503500,,,,10:58:36.212755
banana,88,500,535000,,,,10:58:36.366750
banana,95,494,518000,,,,10:58:39.178521
banana,93,495,492000,,,,10:58:39.232413
banana,94,495,508000,,,,10:58:39.281803
banana,95,491,491000,,,,10:58:39.332646
banana,97,497,673000,,,,10:58:39.377631
banana,97,491,492000,,,,10:58:39.428362
banana,96,493,490000,,,,10:58:39.473569
banana,96,491,499000,,,,10:58:39.519391
banana,96,493,490000,,,,10:58:39.569925
banana,96,488,491000,,,,10:58:39.621984
banana,97,491,500500,,,,10:58:39.695719
banana,99,487,497000,,,,10:58:39.760455
banana,98,493,495000,,,,10:58:39.811179
banana,98,491,492000,,,,10:58:39.908948
banana,97,495,3448000,,,,10:58:40.052806
banana,98,494,496000,,,,10:58:40.148936
banana,98,493,496000,,,,10:58:40.295598
banana,97,497,1908000,,,,10:58:40.364596
banana,97,499,511000,,,,10:58:40.431256
banana,99,493,495000,,,,10:58:40.502875
banana,97,497,497000,,,,10:58:40.571462
banana,96,497,495500,,,,10:58:40.638963
banana,100,493,500000,,,,10:58:41.202282
banana,111,491,491000,,,,10:58:41.304911
pomaranca,884,358,523000,,,,10:58:44.435631
pomaranca,881,367,522000,,,,10:58:44.508840
pomaranca,877,368,510000,,,,10:58:44.581284
pomaranca,874,369,520000,,,,10:58:44.652047
pomaranca,870,368,513000,,,,10:58:44.718331
pomaranca,863,368,526000,,,,10:58:44.796348
pomaranca,861,369,516000,,,,10:58:44.865928
jabolka,427,414,3611000,,,,10:58:44.866336
pomaranca,857,375,535000,,,,10:58:44.947919
pomaranca,853,386,569000,,,,10:58:45.022104
pomaranca,849,397,574000,,,,10:58:45.101244
pomaranca,847,408,575000,,,,10:58:45.172327
pomaranca,841,416,593000,,,,10:58:45.228957
pomaranca,926,430,505500,,,,10:58:49.943174
pomaranca,926,429,509000,,,,10:58:50.000851
jabolka,425,413,8836000,,,,10:58:51.824280
pomaranca,902,416,505500,,,,10:58:54.293515
pomaranca,910,421,493000,,,,10:58:54.400706
pomaranca,921,451,490500,,,,10:58:54.770141
pomaranca,900,308,517000,,,,10:58:55.944487
pomaranca,900,309,497000,,,,10:58:55.999210
jabolka,427,414,5963000,,,,10:58:56.538138
pomaranca,963,412,516000,,,,10:58:57.820647
pomaranca,926,425,516000,,,,10:58:57.871217
pomaranca,907,433,522000,,,,10:58:57.927532
banana,878,456,525000,,,,10:58:57.985281
jabolka,1143,408,532000,,,,10:58:59.466407
banana,790,475,546000,,,,10:58:59.632786
banana,792,473,550000,,,,10:58:59.704041
banana,795,468,549000,,,,10:58:59.779209
banana,804,457,560000,,,,10:58:59.852909
banana,809,451,558000,,,,10:58:59.924060
pomaranca,810,453,558000,,,,10:58:59.924731
pomaranca,815,455,553000,,,,10:58:59.994582
banana,814,449,555000,,,,10:58:59.995254
banana,814,446,548000,,,,10:59:00.065608
pomaranca,815,448,547000,,,,10:59:00.066254
banana,814,446,558000,,,,10:59:00.139703
pomaranca,815,447,558000,,,,10:59:00.140355
banana,813,447,576000,,,,10:59:00.226180
pomaranca,814,449,575000,,,,10:59:00.226714
pomaranca,811,456,589000,,,,10:59:00.294073
banana,809,451,590000,,,,10:59:00.294719
banana,1246,535,497000,,,,10:59:00.295163
jabolka,1145,415,2003000,,,,10:59:00.827229
banana,757,465,595000,,,,10:59:06.976400
banana,757,463,637000,,,,10:59:07.060209
banana,788,499,561000,,,,10:59:09.850614
banana,788,503,550000,,,,10:59:09.921515
banana,792,508,557000,,,,10:59:10.013691
banana,796,502,552000,,,,10:59:10.087959
banana,799,494,548000,,,,10:59:10.163405
banana,800,487,563000,,,,10:59:10.234581
banana,804,482,582000,,,,10:59:10.304716
banana,805,486,599000,,,,10:59:10.373849
pomaranca,901,372,494000,,,,10:59:13.651393
pomaranca,807,387,495000,,,,10:59:13.652682
pomaranca,803,347,524000,,,,10:59:13.725331
pomaranca,796,177,644000,,,,10:59:17.944606
pomaranca,590,588,508000,,,,10:59:17.945360
pomaranca,797,183,511000,,,,10:59:18.030001
pomaranca,803,187,515000,,,,10:59:18.114615
pomaranca,810,194,510000,,,,10:59:18.215977
pomaranca,830,214,527000,,,,10:59:18.318644
pomaranca,855,235,537000,,,,10:59:18.609932
pomaranca,852,234,544000,,,,10:59:18.760457
pomaranca,839,246,585000,,,,10:59:18.889849
pomaranca,780,221,505000,,,,10:59:19.687260
pomaranca,781,214,498000,,,,10:59:19.780341
pomaranca,786,213,490000,,,,10:59:19.860711
pomaranca,791,218,491000,,,,10:59:19.961653
pomaranca,796,222,501000,,,,10:59:20.058929
pomaranca,797,225,496000,,,,10:59:20.150391
pomaranca,798,223,511000,,,,10:59:20.230954
pomaranca,799,227,502000,,,,10:59:20.314001
pomaranca,801,227,512000,,,,10:59:20.411434
pomaranca,805,227,534000,,,,10:59:20.547766
pomaranca,739,244,501000,,,,10:59:23.004503
pomaranca,730,241,490000,,,,10:59:23.052720
pomaranca,640,206,490000,,,,10:59:23.688469
pomaranca,641,209,522500,,,,10:59:23.970977
